timestamp;buyer;seller;symbol;currency;price;quantity
4500;;;HYDROGEL_PACK;XIRECS;10010.0;3
8100;;;HYDROGEL_PACK;XIRECS;10008.0;5
10600;;;VELVETFRUIT_EXTRACT;XIRECS;5296.0;3
14200;;;VELVETFRUIT_EXTRACT;XIRECS;5293.0;5
17100;;;VELVETFRUIT_EXTRACT;XIRECS;5283.0;5
18600;;;VELVETFRUIT_EXTRACT;XIRECS;5275.0;3
18700;;;HYDROGEL_PACK;XIRECS;10004.0;2
20100;;;VELVETFRUIT_EXTRACT;XIRECS;5279.0;5
22800;;;VEV_4000;XIRECS;1283.0;3
23900;;;HYDROGEL_PACK;XIRECS;10022.0;2
24500;;;HYDROGEL_PACK;XIRECS;10026.0;5
25600;;;HYDROGEL_PACK;XIRECS;10026.0;3
28000;;;VELVETFRUIT_EXTRACT;XIRECS;5275.0;5
28500;;;VELVETFRUIT_EXTRACT;XIRECS;5271.0;7
31300;;;HYDROGEL_PACK;XIRECS;10032.0;3
31400;;;VELVETFRUIT_EXTRACT;XIRECS;5264.0;7
32700;;;VELVETFRUIT_EXTRACT;XIRECS;5265.0;5
32900;;;VEV_5300;XIRECS;45.0;3
32900;;;VEV_5400;XIRECS;14.0;3
32900;;;VEV_5500;XIRECS;4.0;3
32900;;;VEV_6000;XIRECS;0.0;3
32900;;;VEV_6500;XIRECS;0.0;3
33400;;;VELVETFRUIT_EXTRACT;XIRECS;5268.0;3
33600;;;VEV_5300;XIRECS;46.0;2
33600;;;VEV_5400;XIRECS;15.0;2
33600;;;VEV_5500;XIRECS;4.0;2
33600;;;VEV_6000;XIRECS;0.0;2
33600;;;VEV_6500;XIRECS;0.0;2
37000;;;VEV_5400;XIRECS;15.0;5
37000;;;VEV_5500;XIRECS;4.0;5
37000;;;VEV_6000;XIRECS;0.0;5
37000;;;VEV_6500;XIRECS;0.0;5
39800;;;VELVETFRUIT_EXTRACT;XIRECS;5262.0;3
40200;;;VEV_5300;XIRECS;41.0;3
40200;;;VEV_5400;XIRECS;13.0;3
40200;;;VEV_6000;XIRECS;0.0;3
40200;;;VEV_6500;XIRECS;0.0;3
43200;;;VELVETFRUIT_EXTRACT;XIRECS;5249.0;6
43600;;;VEV_4000;XIRECS;1240.0;1
45600;;;VEV_5400;XIRECS;11.0;4
45600;;;VEV_5500;XIRECS;3.0;4
45600;;;VEV_6000;XIRECS;0.0;4
45600;;;VEV_6500;XIRECS;0.0;4
47200;;;VEV_5400;XIRECS;11.0;3
47200;;;VEV_5500;XIRECS;3.0;3
47200;;;VEV_6000;XIRECS;0.0;3
47200;;;VEV_6500;XIRECS;0.0;3
48200;;;VELVETFRUIT_EXTRACT;XIRECS;5248.0;7
49700;;;VELVETFRUIT_EXTRACT;XIRECS;5250.0;7
50700;;;HYDROGEL_PACK;XIRECS;10032.0;5
52300;;;HYDROGEL_PACK;XIRECS;10034.0;6
54400;;;VEV_5400;XIRECS;11.0;2
54400;;;VEV_5500;XIRECS;3.0;2
54400;;;VEV_6000;XIRECS;0.0;2
54400;;;VEV_6500;XIRECS;0.0;2
55100;;;VELVETFRUIT_EXTRACT;XIRECS;5247.0;4
56200;;;HYDROGEL_PACK;XIRECS;10037.0;6
56400;;;VELVETFRUIT_EXTRACT;XIRECS;5250.0;5
58300;;;VELVETFRUIT_EXTRACT;XIRECS;5257.0;6
60600;;;VEV_4000;XIRECS;1239.0;2
62400;;;VELVETFRUIT_EXTRACT;XIRECS;5246.0;5
64800;;;HYDROGEL_PACK;XIRECS;10047.0;2
69400;;;VELVETFRUIT_EXTRACT;XIRECS;5255.0;8
69900;;;VEV_5400;XIRECS;12.0;5
69900;;;VEV_5500;XIRECS;3.0;5
69900;;;VEV_6000;XIRECS;0.0;5
69900;;;VEV_6500;XIRECS;0.0;5
70100;;;VEV_5400;XIRECS;12.0;5
70100;;;VEV_5500;XIRECS;3.0;5
70100;;;VEV_6000;XIRECS;0.0;5
70100;;;VEV_6500;XIRECS;0.0;5
70300;;;VEV_5400;XIRECS;12.0;4
70300;;;VEV_5500;XIRECS;3.0;4
70300;;;VEV_6000;XIRECS;0.0;4
70300;;;VEV_6500;XIRECS;0.0;4
74300;;;VEV_5300;XIRECS;41.0;3
74300;;;VEV_5400;XIRECS;12.0;3
74300;;;VEV_6000;XIRECS;0.0;3
74300;;;VEV_6500;XIRECS;0.0;3
74900;;;VELVETFRUIT_EXTRACT;XIRECS;5257.0;8
76100;;;VEV_4000;XIRECS;1247.0;2
77100;;;VELVETFRUIT_EXTRACT;XIRECS;5255.0;5
77300;;;VELVETFRUIT_EXTRACT;XIRECS;5256.0;6
77300;;;VELVETFRUIT_EXTRACT;XIRECS;5256.0;8
77600;;;VELVETFRUIT_EXTRACT;XIRECS;5255.0;7
78900;;;VELVETFRUIT_EXTRACT;XIRECS;5256.0;6
80000;;;VELVETFRUIT_EXTRACT;XIRECS;5257.0;8
84900;;;HYDROGEL_PACK;XIRECS;10040.0;5
87300;;;VEV_5400;XIRECS;10.0;3
87300;;;VEV_5500;XIRECS;3.0;3
87300;;;VEV_6000;XIRECS;0.0;3
87300;;;VEV_6500;XIRECS;0.0;3
87400;;;VELVETFRUIT_EXTRACT;XIRECS;5245.0;6
88300;;;VELVETFRUIT_EXTRACT;XIRECS;5245.0;6
91700;;;VELVETFRUIT_EXTRACT;XIRECS;5250.0;6
92200;;;VEV_5300;XIRECS;40.0;3
92200;;;VEV_5400;XIRECS;12.0;3
92200;;;VEV_5500;XIRECS;3.0;3
92200;;;VEV_6000;XIRECS;0.0;3
92200;;;VEV_6500;XIRECS;0.0;3
96600;;;VELVETFRUIT_EXTRACT;XIRECS;5253.0;4
98900;;;VEV_5200;XIRECS;88.0;3
98900;;;VEV_5300;XIRECS;39.0;3
98900;;;VEV_5400;XIRECS;11.0;3
98900;;;VEV_5500;XIRECS;3.0;3
98900;;;VEV_6000;XIRECS;0.0;3
98900;;;VEV_6500;XIRECS;0.0;3
99400;;;VELVETFRUIT_EXTRACT;XIRECS;5253.0;12
101300;;;VELVETFRUIT_EXTRACT;XIRECS;5258.0;4
102200;;;VELVETFRUIT_EXTRACT;XIRECS;5253.0;4
103800;;;VELVETFRUIT_EXTRACT;XIRECS;5251.0;8
106800;;;VEV_4000;XIRECS;1239.0;2
108400;;;HYDROGEL_PACK;XIRECS;10026.0;5
108800;;;VEV_4000;XIRECS;1244.0;3
109400;;;VELVETFRUIT_EXTRACT;XIRECS;5252.0;8
111600;;;VELVETFRUIT_EXTRACT;XIRECS;5244.0;6
115000;;;VELVETFRUIT_EXTRACT;XIRECS;5239.0;9
117400;;;VELVETFRUIT_EXTRACT;XIRECS;5231.0;9
118700;;;VEV_5400;XIRECS;9.0;4
118700;;;VEV_5500;XIRECS;2.0;4
118700;;;VEV_6000;XIRECS;0.0;4
118700;;;VEV_6500;XIRECS;0.0;4
119000;;;HYDROGEL_PACK;XIRECS;10028.0;6
119700;;;VELVETFRUIT_EXTRACT;XIRECS;5241.0;6
121500;;;HYDROGEL_PACK;XIRECS;10030.0;4
121800;;;VELVETFRUIT_EXTRACT;XIRECS;5243.0;8
122400;;;VELVETFRUIT_EXTRACT;XIRECS;5241.0;5
124700;;;VELVETFRUIT_EXTRACT;XIRECS;5242.0;4
126600;;;VEV_5400;XIRECS;9.0;5
126600;;;VEV_5500;XIRECS;2.0;5
126600;;;VEV_6000;XIRECS;0.0;5
126600;;;VEV_6500;XIRECS;0.0;5
127100;;;VELVETFRUIT_EXTRACT;XIRECS;5242.0;7
128700;;;VEV_5200;XIRECS;77.0;3
128700;;;VEV_5300;XIRECS;33.0;3
128700;;;VEV_5400;XIRECS;9.0;3
128700;;;VEV_5500;XIRECS;2.0;3
128700;;;VEV_6000;XIRECS;0.0;3
128700;;;VEV_6500;XIRECS;0.0;3
129000;;;VELVETFRUIT_EXTRACT;XIRECS;5240.0;8
129800;;;VEV_4000;XIRECS;1233.0;1
130700;;;HYDROGEL_PACK;XIRECS;10026.0;2
130800;;;VELVETFRUIT_EXTRACT;XIRECS;5247.0;9
131500;;;HYDROGEL_PACK;XIRECS;10020.0;5
132100;;;VEV_5400;XIRECS;10.0;4
132100;;;VEV_5500;XIRECS;3.0;4
132100;;;VEV_6000;XIRECS;0.0;4
132100;;;VEV_6500;XIRECS;0.0;4
132500;;;VELVETFRUIT_EXTRACT;XIRECS;5253.0;3
137700;;;VEV_5300;XIRECS;36.0;4
137700;;;VEV_5400;XIRECS;10.0;4
137700;;;VEV_5500;XIRECS;3.0;4
137700;;;VEV_6000;XIRECS;0.0;4
137700;;;VEV_6500;XIRECS;0.0;4
138200;;;HYDROGEL_PACK;XIRECS;10023.0;4
141900;;;VELVETFRUIT_EXTRACT;XIRECS;5236.0;6
142700;;;HYDROGEL_PACK;XIRECS;10015.0;6
142700;;;VEV_5400;XIRECS;9.0;5
142700;;;VEV_5500;XIRECS;2.0;5
142700;;;VEV_6000;XIRECS;0.0;5
142700;;;VEV_6500;XIRECS;0.0;5
143600;;;VELVETFRUIT_EXTRACT;XIRECS;5243.0;4
144500;;;VELVETFRUIT_EXTRACT;XIRECS;5247.0;7
144800;;;VEV_5400;XIRECS;10.0;3
144800;;;VEV_5500;XIRECS;2.0;3
144800;;;VEV_6000;XIRECS;0.0;3
144800;;;VEV_6500;XIRECS;0.0;3
145100;;;VELVETFRUIT_EXTRACT;XIRECS;5243.0;5
145500;;;VEV_4000;XIRECS;1235.0;2
148800;;;VEV_4000;XIRECS;1234.0;2
151600;;;VELVETFRUIT_EXTRACT;XIRECS;5245.0;7
153500;;;VELVETFRUIT_EXTRACT;XIRECS;5240.0;7
153700;;;HYDROGEL_PACK;XIRECS;10012.0;3
155400;;;VEV_5200;XIRECS;79.0;2
155400;;;VEV_5300;XIRECS;33.0;2
155400;;;VEV_5400;XIRECS;9.0;2
155400;;;VEV_5500;XIRECS;2.0;2
155400;;;VEV_6000;XIRECS;0.0;2
155400;;;VEV_6500;XIRECS;0.0;2
158000;;;VELVETFRUIT_EXTRACT;XIRECS;5237.0;8
160000;;;VELVETFRUIT_EXTRACT;XIRECS;5236.0;8
165600;;;VELVETFRUIT_EXTRACT;XIRECS;5237.0;6
166000;;;VEV_5400;XIRECS;9.0;5
166000;;;VEV_5500;XIRECS;2.0;5
166000;;;VEV_6000;XIRECS;0.0;5
166000;;;VEV_6500;XIRECS;0.0;5
167900;;;VEV_4000;XIRECS;1232.0;1
172300;;;VEV_5500;XIRECS;3.0;2
172300;;;VEV_6000;XIRECS;0.0;2
172300;;;VEV_6500;XIRECS;0.0;2
173800;;;HYDROGEL_PACK;XIRECS;10037.0;5
175300;;;VELVETFRUIT_EXTRACT;XIRECS;5250.0;7
176700;;;VEV_4000;XIRECS;1238.0;1
181200;;;VEV_4000;XIRECS;1235.0;2
182100;;;HYDROGEL_PACK;XIRECS;10019.0;6
182100;;;VEV_4000;XIRECS;1237.0;3
182600;;;VELVETFRUIT_EXTRACT;XIRECS;5245.0;6
183100;;;VEV_4000;XIRECS;1237.0;3
186200;;;VELVETFRUIT_EXTRACT;XIRECS;5242.0;8
190700;;;VELVETFRUIT_EXTRACT;XIRECS;5247.0;3
191900;;;VEV_4000;XIRECS;1236.0;1
192600;;;VELVETFRUIT_EXTRACT;XIRECS;5247.0;6
196600;;;VEV_4000;XIRECS;1234.0;1
197500;;;VELVETFRUIT_EXTRACT;XIRECS;5247.0;3
199000;;;VELVETFRUIT_EXTRACT;XIRECS;5236.0;3
201600;;;VELVETFRUIT_EXTRACT;XIRECS;5239.0;4
205400;;;HYDROGEL_PACK;XIRECS;10005.0;4
207500;;;VELVETFRUIT_EXTRACT;XIRECS;5237.0;8
207600;;;VELVETFRUIT_EXTRACT;XIRECS;5237.0;5
208400;;;VELVETFRUIT_EXTRACT;XIRECS;5239.0;5
214000;;;VELVETFRUIT_EXTRACT;XIRECS;5233.0;5
215100;;;VELVETFRUIT_EXTRACT;XIRECS;5231.0;14
215700;;;VELVETFRUIT_EXTRACT;XIRECS;5234.0;3
217100;;;HYDROGEL_PACK;XIRECS;10020.0;3
218200;;;VELVETFRUIT_EXTRACT;XIRECS;5233.0;8
218300;;;VEV_5300;XIRECS;29.0;5
218300;;;VEV_5400;XIRECS;8.0;5
218300;;;VEV_5500;XIRECS;2.0;5
218300;;;VEV_6000;XIRECS;0.0;5
218300;;;VEV_6500;XIRECS;0.0;5
220600;;;HYDROGEL_PACK;XIRECS;10013.0;5
220800;;;VEV_5300;XIRECS;31.0;4
220800;;;VEV_5400;XIRECS;8.0;4
220800;;;VEV_5500;XIRECS;2.0;4
220800;;;VEV_6000;XIRECS;0.0;4
220800;;;VEV_6500;XIRECS;0.0;4
222400;;;VEV_5200;XIRECS;71.0;2
222400;;;VEV_5300;XIRECS;29.0;2
222400;;;VEV_5400;XIRECS;8.0;2
222400;;;VEV_5500;XIRECS;2.0;2
222400;;;VEV_6000;XIRECS;0.0;2
222400;;;VEV_6500;XIRECS;0.0;2
224400;;;VELVETFRUIT_EXTRACT;XIRECS;5231.0;4
225000;;;VELVETFRUIT_EXTRACT;XIRECS;5232.0;7
229500;;;VELVETFRUIT_EXTRACT;XIRECS;5239.0;4
230900;;;HYDROGEL_PACK;XIRECS;9984.0;6
231300;;;VELVETFRUIT_EXTRACT;XIRECS;5238.0;7
233100;;;VEV_4000;XIRECS;1222.0;3
233900;;;VELVETFRUIT_EXTRACT;XIRECS;5233.0;8
234500;;;VELVETFRUIT_EXTRACT;XIRECS;5238.0;4
235900;;;HYDROGEL_PACK;XIRECS;9992.0;3
236100;;;VELVETFRUIT_EXTRACT;XIRECS;5228.0;8
236300;;;HYDROGEL_PACK;XIRECS;9994.0;4
240100;;;HYDROGEL_PACK;XIRECS;10013.0;2
240700;;;VEV_4000;XIRECS;1225.0;3
241200;;;VEV_4000;XIRECS;1222.0;1
243700;;;VEV_5300;XIRECS;31.0;2
243700;;;VEV_5400;XIRECS;9.0;2
243700;;;VEV_5500;XIRECS;2.0;2
243700;;;VEV_6000;XIRECS;0.0;2
243700;;;VEV_6500;XIRECS;0.0;2
243900;;;VELVETFRUIT_EXTRACT;XIRECS;5239.0;3
245100;;;VELVETFRUIT_EXTRACT;XIRECS;5229.0;8
245700;;;VELVETFRUIT_EXTRACT;XIRECS;5232.0;3
248100;;;VELVETFRUIT_EXTRACT;XIRECS;5239.0;8
250200;;;VEV_5400;XIRECS;9.0;5
250200;;;VEV_5500;XIRECS;2.0;5
250200;;;VEV_6000;XIRECS;0.0;5
250200;;;VEV_6500;XIRECS;0.0;5
251400;;;VELVETFRUIT_EXTRACT;XIRECS;5235.0;4
252100;;;VELVETFRUIT_EXTRACT;XIRECS;5241.0;3
253400;;;VEV_5200;XIRECS;80.0;5
253400;;;VEV_5500;XIRECS;2.0;5
253400;;;VEV_6000;XIRECS;0.0;5
253400;;;VEV_6500;XIRECS;0.0;5
254000;;;VELVETFRUIT_EXTRACT;XIRECS;5242.0;7
254300;;;VELVETFRUIT_EXTRACT;XIRECS;5239.0;15
254800;;;HYDROGEL_PACK;XIRECS;10031.0;4
254900;;;HYDROGEL_PACK;XIRECS;10036.0;3
256400;;;HYDROGEL_PACK;XIRECS;10032.0;4
259200;;;HYDROGEL_PACK;XIRECS;10023.0;4
260600;;;VELVETFRUIT_EXTRACT;XIRECS;5228.0;6
261700;;;VELVETFRUIT_EXTRACT;XIRECS;5231.0;4
262100;;;HYDROGEL_PACK;XIRECS;10011.0;6
262500;;;VELVETFRUIT_EXTRACT;XIRECS;5231.0;5
263200;;;VEV_4000;XIRECS;1216.0;3
263400;;;VELVETFRUIT_EXTRACT;XIRECS;5231.0;3
263500;;;VELVETFRUIT_EXTRACT;XIRECS;5230.0;5
264000;;;VELVETFRUIT_EXTRACT;XIRECS;5230.0;9
266300;;;HYDROGEL_PACK;XIRECS;10001.0;6
268500;;;VELVETFRUIT_EXTRACT;XIRECS;5236.0;3
268800;;;HYDROGEL_PACK;XIRECS;10005.0;2
269000;;;VEV_5200;XIRECS;76.0;2
269000;;;VEV_5300;XIRECS;32.0;2
269000;;;VEV_5400;XIRECS;9.0;2
269000;;;VEV_5500;XIRECS;2.0;2
269000;;;VEV_6000;XIRECS;0.0;2
269000;;;VEV_6500;XIRECS;0.0;2
272300;;;VELVETFRUIT_EXTRACT;XIRECS;5233.0;6
273400;;;VEV_5500;XIRECS;2.0;5
273400;;;VEV_6000;XIRECS;0.0;5
273400;;;VEV_6500;XIRECS;0.0;5
276600;;;HYDROGEL_PACK;XIRECS;10001.0;6
277600;;;VELVETFRUIT_EXTRACT;XIRECS;5241.0;5
281100;;;VELVETFRUIT_EXTRACT;XIRECS;5237.0;8
281800;;;VELVETFRUIT_EXTRACT;XIRECS;5237.0;4
282100;;;VELVETFRUIT_EXTRACT;XIRECS;5235.0;7
283900;;;VELVETFRUIT_EXTRACT;XIRECS;5237.0;6
284600;;;VELVETFRUIT_EXTRACT;XIRECS;5241.0;7
285600;;;VELVETFRUIT_EXTRACT;XIRECS;5245.0;7
285700;;;VELVETFRUIT_EXTRACT;XIRECS;5243.0;5
285900;;;VELVETFRUIT_EXTRACT;XIRECS;5247.0;8
287000;;;VELVETFRUIT_EXTRACT;XIRECS;5241.0;7
289400;;;VEV_5300;XIRECS;31.0;2
289400;;;VEV_5400;XIRECS;8.0;2
289400;;;VEV_5500;XIRECS;2.0;2
289400;;;VEV_6000;XIRECS;0.0;2
289400;;;VEV_6500;XIRECS;0.0;2
289600;;;VELVETFRUIT_EXTRACT;XIRECS;5234.0;6
290900;;;VEV_5300;XIRECS;29.0;4
290900;;;VEV_5400;XIRECS;8.0;4
290900;;;VEV_5500;XIRECS;1.0;4
290900;;;VEV_6000;XIRECS;0.0;4
290900;;;VEV_6500;XIRECS;0.0;4
292600;;;VELVETFRUIT_EXTRACT;XIRECS;5230.0;7
293300;;;VELVETFRUIT_EXTRACT;XIRECS;5225.0;3
293400;;;VELVETFRUIT_EXTRACT;XIRECS;5223.0;6
294300;;;VELVETFRUIT_EXTRACT;XIRECS;5226.0;10
295400;;;VELVETFRUIT_EXTRACT;XIRECS;5218.0;3
295600;;;VELVETFRUIT_EXTRACT;XIRECS;5221.0;8
298100;;;VELVETFRUIT_EXTRACT;XIRECS;5225.0;5
298800;;;VELVETFRUIT_EXTRACT;XIRECS;5217.0;7
302800;;;VELVETFRUIT_EXTRACT;XIRECS;5224.0;3
303900;;;VEV_4000;XIRECS;1210.0;3
305500;;;VELVETFRUIT_EXTRACT;XIRECS;5226.0;8
306300;;;VELVETFRUIT_EXTRACT;XIRECS;5226.0;6
309000;;;VELVETFRUIT_EXTRACT;XIRECS;5220.0;6
310300;;;VELVETFRUIT_EXTRACT;XIRECS;5226.0;3
310600;;;HYDROGEL_PACK;XIRECS;9997.0;5
310900;;;VELVETFRUIT_EXTRACT;XIRECS;5226.0;3
314800;;;HYDROGEL_PACK;XIRECS;9995.0;2
315800;;;VEV_5300;XIRECS;28.0;3
315800;;;VEV_5400;XIRECS;7.0;3
315800;;;VEV_5500;XIRECS;1.0;3
315800;;;VEV_6000;XIRECS;0.0;3
315800;;;VEV_6500;XIRECS;0.0;3
317100;;;VELVETFRUIT_EXTRACT;XIRECS;5224.0;6
317200;;;VEV_5300;XIRECS;28.0;4
317200;;;VEV_5400;XIRECS;7.0;4
317200;;;VEV_5500;XIRECS;1.0;4
317200;;;VEV_6000;XIRECS;0.0;4
317200;;;VEV_6500;XIRECS;0.0;4
318600;;;VELVETFRUIT_EXTRACT;XIRECS;5228.0;4
319100;;;VEV_4000;XIRECS;1213.0;3
319400;;;VELVETFRUIT_EXTRACT;XIRECS;5222.0;5
319700;;;VEV_5300;XIRECS;27.0;2
319700;;;VEV_5400;XIRECS;7.0;2
319700;;;VEV_5500;XIRECS;1.0;2
319700;;;VEV_6000;XIRECS;0.0;2
319700;;;VEV_6500;XIRECS;0.0;2
320200;;;VELVETFRUIT_EXTRACT;XIRECS;5226.0;7
320200;;;VEV_5300;XIRECS;27.0;4
320200;;;VEV_5400;XIRECS;7.0;4
320200;;;VEV_5500;XIRECS;1.0;4
320200;;;VEV_6000;XIRECS;0.0;4
320200;;;VEV_6500;XIRECS;0.0;4
321900;;;HYDROGEL_PACK;XIRECS;9979.0;2
323300;;;VELVETFRUIT_EXTRACT;XIRECS;5229.0;7
323600;;;VEV_4000;XIRECS;1218.0;1
326700;;;VELVETFRUIT_EXTRACT;XIRECS;5235.0;3
326800;;;VELVETFRUIT_EXTRACT;XIRECS;5229.0;8
328200;;;VELVETFRUIT_EXTRACT;XIRECS;5227.0;3
328700;;;VEV_5200;XIRECS;72.0;3
328700;;;VEV_5300;XIRECS;29.0;3
328700;;;VEV_5400;XIRECS;7.0;3
328700;;;VEV_5500;XIRECS;1.0;3
328700;;;VEV_6000;XIRECS;0.0;3
328700;;;VEV_6500;XIRECS;0.0;3
329200;;;VEV_5200;XIRECS;73.0;5
329200;;;VEV_5300;XIRECS;30.0;5
329200;;;VEV_5500;XIRECS;1.0;5
329200;;;VEV_6000;XIRECS;0.0;5
329200;;;VEV_6500;XIRECS;0.0;5
330100;;;VELVETFRUIT_EXTRACT;XIRECS;5241.0;3
332000;;;VELVETFRUIT_EXTRACT;XIRECS;5238.0;8
332600;;;VEV_5300;XIRECS;32.0;2
332600;;;VEV_5400;XIRECS;8.0;2
332600;;;VEV_5500;XIRECS;2.0;2
332600;;;VEV_6000;XIRECS;0.0;2
332600;;;VEV_6500;XIRECS;0.0;2
332800;;;VELVETFRUIT_EXTRACT;XIRECS;5235.0;6
333600;;;VELVETFRUIT_EXTRACT;XIRECS;5232.0;6
339000;;;HYDROGEL_PACK;XIRECS;10017.0;3
339900;;;VELVETFRUIT_EXTRACT;XIRECS;5228.0;3
346200;;;VEV_5400;XIRECS;7.0;3
346200;;;VEV_5500;XIRECS;1.0;3
346200;;;VEV_6000;XIRECS;0.0;3
346200;;;VEV_6500;XIRECS;0.0;3
346900;;;VELVETFRUIT_EXTRACT;XIRECS;5221.0;3
349100;;;VELVETFRUIT_EXTRACT;XIRECS;5220.0;6
350300;;;VEV_5200;XIRECS;68.0;4
350300;;;VEV_5300;XIRECS;27.0;4
350300;;;VEV_5500;XIRECS;1.0;4
350300;;;VEV_6000;XIRECS;0.0;4
350300;;;VEV_6500;XIRECS;0.0;4
352000;;;VELVETFRUIT_EXTRACT;XIRECS;5221.0;9
357500;;;VELVETFRUIT_EXTRACT;XIRECS;5216.0;11
358100;;;HYDROGEL_PACK;XIRECS;10043.0;3
358100;;;VEV_4000;XIRECS;1206.0;1
360300;;;VELVETFRUIT_EXTRACT;XIRECS;5219.0;5
361700;;;HYDROGEL_PACK;XIRECS;10036.0;3
363100;;;VEV_5200;XIRECS;68.0;2
363100;;;VEV_5300;XIRECS;27.0;2
363100;;;VEV_5400;XIRECS;6.0;2
363100;;;VEV_5500;XIRECS;1.0;2
363100;;;VEV_6000;XIRECS;0.0;2
363100;;;VEV_6500;XIRECS;0.0;2
363400;;;VELVETFRUIT_EXTRACT;XIRECS;5228.0;8
363700;;;HYDROGEL_PACK;XIRECS;10034.0;3
364600;;;VELVETFRUIT_EXTRACT;XIRECS;5221.0;6
364700;;;VEV_5300;XIRECS;27.0;3
364700;;;VEV_5400;XIRECS;6.0;3
364700;;;VEV_5500;XIRECS;1.0;3
364700;;;VEV_6000;XIRECS;0.0;3
364700;;;VEV_6500;XIRECS;0.0;3
367300;;;VELVETFRUIT_EXTRACT;XIRECS;5228.0;5
367700;;;VELVETFRUIT_EXTRACT;XIRECS;5230.0;4
369300;;;VELVETFRUIT_EXTRACT;XIRECS;5231.0;5
369800;;;VEV_5200;XIRECS;70.0;5
369800;;;VEV_5300;XIRECS;28.0;5
369800;;;VEV_5400;XIRECS;7.0;5
369800;;;VEV_5500;XIRECS;1.0;5
369800;;;VEV_6000;XIRECS;0.0;5
369800;;;VEV_6500;XIRECS;0.0;5
370100;;;VEV_4000;XIRECS;1226.0;3
370100;;;VEV_4500;XIRECS;726.0;3
370100;;;VEV_5000;XIRECS;229.0;3
370100;;;VEV_5100;XIRECS;139.0;3
370100;;;VEV_5200;XIRECS;69.0;3
370100;;;VEV_5300;XIRECS;28.0;3
371300;;;VELVETFRUIT_EXTRACT;XIRECS;5233.0;6
371900;;;VELVETFRUIT_EXTRACT;XIRECS;5229.0;4
372800;;;VELVETFRUIT_EXTRACT;XIRECS;5235.0;4
373000;;;VELVETFRUIT_EXTRACT;XIRECS;5229.0;6
373200;;;VEV_4000;XIRECS;1224.0;3
376000;;;VELVETFRUIT_EXTRACT;XIRECS;5235.0;8
376200;;;VELVETFRUIT_EXTRACT;XIRECS;5233.0;4
378400;;;VELVETFRUIT_EXTRACT;XIRECS;5239.0;7
379400;;;VEV_4000;XIRECS;1234.0;1
380200;;;HYDROGEL_PACK;XIRECS;10034.0;6
380200;;;VELVETFRUIT_EXTRACT;XIRECS;5247.0;5
385400;;;VEV_5300;XIRECS;32.0;4
385400;;;VEV_5400;XIRECS;8.0;4
385400;;;VEV_5500;XIRECS;2.0;4
385400;;;VEV_6000;XIRECS;0.0;4
385400;;;VEV_6500;XIRECS;0.0;4
387000;;;VELVETFRUIT_EXTRACT;XIRECS;5246.0;4
389100;;;VEV_5300;XIRECS;32.0;2
389100;;;VEV_5400;XIRECS;8.0;2
389100;;;VEV_5500;XIRECS;2.0;2
389100;;;VEV_6000;XIRECS;0.0;2
389100;;;VEV_6500;XIRECS;0.0;2
389800;;;VELVETFRUIT_EXTRACT;XIRECS;5242.0;5
391400;;;VEV_5300;XIRECS;34.0;4
391400;;;VEV_5400;XIRECS;9.0;4
391400;;;VEV_5500;XIRECS;2.0;4
391400;;;VEV_6000;XIRECS;0.0;4
391400;;;VEV_6500;XIRECS;0.0;4
396000;;;VEV_5200;XIRECS;85.0;4
396000;;;VEV_5400;XIRECS;10.0;4
396000;;;VEV_5500;XIRECS;2.0;4
396000;;;VEV_6000;XIRECS;0.0;4
396000;;;VEV_6500;XIRECS;0.0;4
396500;;;HYDROGEL_PACK;XIRECS;10018.0;5
398900;;;VELVETFRUIT_EXTRACT;XIRECS;5253.0;6
399000;;;VELVETFRUIT_EXTRACT;XIRECS;5248.0;5
399000;;;VEV_4000;XIRECS;1240.0;1
399600;;;VELVETFRUIT_EXTRACT;XIRECS;5252.0;6
399800;;;VELVETFRUIT_EXTRACT;XIRECS;5251.0;6
400200;;;HYDROGEL_PACK;XIRECS;10023.0;3
402000;;;VEV_4000;XIRECS;1241.0;3
404000;;;VELVETFRUIT_EXTRACT;XIRECS;5248.0;6
405400;;;VELVETFRUIT_EXTRACT;XIRECS;5241.0;8
406500;;;VELVETFRUIT_EXTRACT;XIRECS;5236.0;14
406800;;;HYDROGEL_PACK;XIRECS;10002.0;6
406900;;;VEV_4000;XIRECS;1225.0;1
409700;;;VELVETFRUIT_EXTRACT;XIRECS;5232.0;4
410800;;;VEV_4000;XIRECS;1223.0;1
411800;;;VELVETFRUIT_EXTRACT;XIRECS;5229.0;3
418200;;;VELVETFRUIT_EXTRACT;XIRECS;5229.0;6
419200;;;HYDROGEL_PACK;XIRECS;10010.0;2
422800;;;VEV_4000;XIRECS;1219.0;1
426600;;;VELVETFRUIT_EXTRACT;XIRECS;5220.0;6
428600;;;VEV_4000;XIRECS;1208.0;1
428900;;;VEV_5200;XIRECS;65.0;5
428900;;;VEV_5300;XIRECS;25.0;5
428900;;;VEV_5400;XIRECS;6.0;5
428900;;;VEV_5500;XIRECS;1.0;5
428900;;;VEV_6000;XIRECS;0.0;5
428900;;;VEV_6500;XIRECS;0.0;5
429300;;;VELVETFRUIT_EXTRACT;XIRECS;5219.0;7
429500;;;VELVETFRUIT_EXTRACT;XIRECS;5221.0;4
430100;;;VELVETFRUIT_EXTRACT;XIRECS;5217.0;6
431900;;;VEV_5200;XIRECS;63.0;5
431900;;;VEV_5300;XIRECS;24.0;5
431900;;;VEV_5400;XIRECS;5.0;5
431900;;;VEV_5500;XIRECS;1.0;5
431900;;;VEV_6000;XIRECS;0.0;5
431900;;;VEV_6500;XIRECS;0.0;5
432800;;;VELVETFRUIT_EXTRACT;XIRECS;5221.0;7
434200;;;VEV_4000;XIRECS;1203.0;2
434400;;;HYDROGEL_PACK;XIRECS;10033.0;4
437400;;;VELVETFRUIT_EXTRACT;XIRECS;5220.0;5
437500;;;VELVETFRUIT_EXTRACT;XIRECS;5220.0;6
439700;;;VELVETFRUIT_EXTRACT;XIRECS;5215.0;3
441900;;;VELVETFRUIT_EXTRACT;XIRECS;5219.0;5
442200;;;VEV_5300;XIRECS;23.0;2
442200;;;VEV_5400;XIRECS;5.0;2
442200;;;VEV_5500;XIRECS;1.0;2
442200;;;VEV_6000;XIRECS;0.0;2
442200;;;VEV_6500;XIRECS;0.0;2
442400;;;VELVETFRUIT_EXTRACT;XIRECS;5213.0;6
443100;;;VELVETFRUIT_EXTRACT;XIRECS;5217.0;11
444100;;;VELVETFRUIT_EXTRACT;XIRECS;5215.0;8
444500;;;VELVETFRUIT_EXTRACT;XIRECS;5218.0;8
445000;;;VELVETFRUIT_EXTRACT;XIRECS;5212.0;6
446100;;;HYDROGEL_PACK;XIRECS;10054.0;2
446200;;;VELVETFRUIT_EXTRACT;XIRECS;5209.0;7
448000;;;VELVETFRUIT_EXTRACT;XIRECS;5210.0;4
450300;;;VELVETFRUIT_EXTRACT;XIRECS;5214.0;10
450700;;;VELVETFRUIT_EXTRACT;XIRECS;5210.0;6
451000;;;HYDROGEL_PACK;XIRECS;10043.0;4
451300;;;VEV_5300;XIRECS;23.0;3
451300;;;VEV_5400;XIRECS;5.0;3
451300;;;VEV_5500;XIRECS;1.0;3
451300;;;VEV_6000;XIRECS;0.0;3
451300;;;VEV_6500;XIRECS;0.0;3
452800;;;VEV_4000;XIRECS;1201.0;1
453000;;;HYDROGEL_PACK;XIRECS;10046.0;4
454000;;;VELVETFRUIT_EXTRACT;XIRECS;5212.0;4
454100;;;VELVETFRUIT_EXTRACT;XIRECS;5207.0;6
454500;;;VELVETFRUIT_EXTRACT;XIRECS;5211.0;3
456100;;;VELVETFRUIT_EXTRACT;XIRECS;5210.0;3
456400;;;VELVETFRUIT_EXTRACT;XIRECS;5217.0;6
456600;;;VEV_5300;XIRECS;23.0;2
456600;;;VEV_5400;XIRECS;5.0;2
456600;;;VEV_5500;XIRECS;1.0;2
456600;;;VEV_6000;XIRECS;0.0;2
456600;;;VEV_6500;XIRECS;0.0;2
457800;;;VELVETFRUIT_EXTRACT;XIRECS;5214.0;3
459700;;;HYDROGEL_PACK;XIRECS;10073.0;4
459800;;;VEV_5300;XIRECS;23.0;2
459800;;;VEV_5400;XIRECS;5.0;2
459800;;;VEV_5500;XIRECS;1.0;2
459800;;;VEV_6000;XIRECS;0.0;2
459800;;;VEV_6500;XIRECS;0.0;2
461400;;;HYDROGEL_PACK;XIRECS;10080.0;4
462100;;;VELVETFRUIT_EXTRACT;XIRECS;5212.0;9
465500;;;VEV_4000;XIRECS;1207.0;1
467300;;;VELVETFRUIT_EXTRACT;XIRECS;5213.0;7
469100;;;VELVETFRUIT_EXTRACT;XIRECS;5208.0;3
471700;;;VELVETFRUIT_EXTRACT;XIRECS;5209.0;5
473400;;;HYDROGEL_PACK;XIRECS;10061.0;6
477000;;;VELVETFRUIT_EXTRACT;XIRECS;5210.0;5
478700;;;VELVETFRUIT_EXTRACT;XIRECS;5220.0;4
480000;;;VEV_4000;XIRECS;1207.0;1
480200;;;HYDROGEL_PACK;XIRECS;10040.0;5
483900;;;VEV_5300;XIRECS;22.0;3
483900;;;VEV_5500;XIRECS;1.0;3
483900;;;VEV_6000;XIRECS;0.0;3
483900;;;VEV_6500;XIRECS;0.0;3
485400;;;VELVETFRUIT_EXTRACT;XIRECS;5218.0;3
485500;;;VEV_5400;XIRECS;5.0;2
485500;;;VEV_5500;XIRECS;1.0;2
485500;;;VEV_6000;XIRECS;0.0;2
485500;;;VEV_6500;XIRECS;0.0;2
489800;;;VELVETFRUIT_EXTRACT;XIRECS;5210.0;8
491500;;;VEV_4000;XIRECS;1199.0;2
493200;;;VELVETFRUIT_EXTRACT;XIRECS;5208.0;8
493700;;;VELVETFRUIT_EXTRACT;XIRECS;5212.0;8
494100;;;VELVETFRUIT_EXTRACT;XIRECS;5212.0;4
496900;;;VEV_4000;XIRECS;1197.0;2
497300;;;VELVETFRUIT_EXTRACT;XIRECS;5203.0;7
497700;;;VELVETFRUIT_EXTRACT;XIRECS;5209.0;4
498100;;;VEV_5300;XIRECS;21.0;5
498100;;;VEV_5400;XIRECS;4.0;5
498100;;;VEV_5500;XIRECS;1.0;5
498100;;;VEV_6000;XIRECS;0.0;5
498100;;;VEV_6500;XIRECS;0.0;5
498800;;;VELVETFRUIT_EXTRACT;XIRECS;5196.0;5
499000;;;VELVETFRUIT_EXTRACT;XIRECS;5198.0;6
505300;;;HYDROGEL_PACK;XIRECS;10044.0;3
506200;;;VELVETFRUIT_EXTRACT;XIRECS;5198.0;4
508300;;;VELVETFRUIT_EXTRACT;XIRECS;5207.0;5
508400;;;VELVETFRUIT_EXTRACT;XIRECS;5207.0;7
511400;;;HYDROGEL_PACK;XIRECS;10038.0;6
511800;;;VEV_5200;XIRECS;55.0;2
511800;;;VEV_5300;XIRECS;20.0;2
511800;;;VEV_5400;XIRECS;4.0;2
511800;;;VEV_5500;XIRECS;0.0;2
511800;;;VEV_6000;XIRECS;0.0;2
511800;;;VEV_6500;XIRECS;0.0;2
512800;;;VELVETFRUIT_EXTRACT;XIRECS;5203.0;9
516400;;;VEV_5200;XIRECS;60.0;4
516400;;;VEV_5400;XIRECS;4.0;4
516400;;;VEV_5500;XIRECS;1.0;4
516400;;;VEV_6000;XIRECS;0.0;4
516400;;;VEV_6500;XIRECS;0.0;4
518200;;;VELVETFRUIT_EXTRACT;XIRECS;5208.0;3
519500;;;HYDROGEL_PACK;XIRECS;10052.0;6
519700;;;HYDROGEL_PACK;XIRECS;10053.0;6
519700;;;VELVETFRUIT_EXTRACT;XIRECS;5206.0;8
521700;;;VELVETFRUIT_EXTRACT;XIRECS;5207.0;5
522900;;;VELVETFRUIT_EXTRACT;XIRECS;5211.0;8
523200;;;VELVETFRUIT_EXTRACT;XIRECS;5209.0;5
524000;;;VEV_5200;XIRECS;57.0;2
524000;;;VEV_5300;XIRECS;21.0;2
524000;;;VEV_5400;XIRECS;4.0;2
524000;;;VEV_5500;XIRECS;1.0;2
524000;;;VEV_6000;XIRECS;0.0;2
524000;;;VEV_6500;XIRECS;0.0;2
524900;;;VELVETFRUIT_EXTRACT;XIRECS;5201.0;8
528200;;;VELVETFRUIT_EXTRACT;XIRECS;5205.0;4
529600;;;VEV_5300;XIRECS;20.0;2
529600;;;VEV_5400;XIRECS;4.0;2
529600;;;VEV_5500;XIRECS;0.0;2
529600;;;VEV_6000;XIRECS;0.0;2
529600;;;VEV_6500;XIRECS;0.0;2
530300;;;VELVETFRUIT_EXTRACT;XIRECS;5197.0;4
531500;;;VEV_5300;XIRECS;20.0;2
531500;;;VEV_5400;XIRECS;4.0;2
531500;;;VEV_5500;XIRECS;0.0;2
531500;;;VEV_6000;XIRECS;0.0;2
531500;;;VEV_6500;XIRECS;0.0;2
532400;;;VELVETFRUIT_EXTRACT;XIRECS;5197.0;4
532800;;;VELVETFRUIT_EXTRACT;XIRECS;5201.0;7
533800;;;HYDROGEL_PACK;XIRECS;10029.0;5
534000;;;VELVETFRUIT_EXTRACT;XIRECS;5196.0;4
534700;;;VELVETFRUIT_EXTRACT;XIRECS;5190.0;5
534900;;;VEV_4000;XIRECS;1182.0;3
535400;;;VEV_5300;XIRECS;18.0;3
535400;;;VEV_5400;XIRECS;3.0;3
535400;;;VEV_5500;XIRECS;0.0;3
535400;;;VEV_6000;XIRECS;0.0;3
535400;;;VEV_6500;XIRECS;0.0;3
535600;;;VEV_4000;XIRECS;1184.0;2
535900;;;VEV_5200;XIRECS;52.0;3
535900;;;VEV_5300;XIRECS;18.0;3
535900;;;VEV_5400;XIRECS;3.0;3
535900;;;VEV_5500;XIRECS;0.0;3
535900;;;VEV_6000;XIRECS;0.0;3
535900;;;VEV_6500;XIRECS;0.0;3
539800;;;VELVETFRUIT_EXTRACT;XIRECS;5204.0;3
540200;;;VELVETFRUIT_EXTRACT;XIRECS;5200.0;3
540300;;;HYDROGEL_PACK;XIRECS;10009.0;4
541100;;;HYDROGEL_PACK;XIRECS;10002.0;6
545400;;;VELVETFRUIT_EXTRACT;XIRECS;5200.0;5
547000;;;VEV_4000;XIRECS;1195.0;1
547600;;;VELVETFRUIT_EXTRACT;XIRECS;5210.0;4
547600;;;VEV_5400;XIRECS;4.0;4
547600;;;VEV_5500;XIRECS;1.0;4
547600;;;VEV_6000;XIRECS;0.0;4
547600;;;VEV_6500;XIRECS;0.0;4
551600;;;VEV_5300;XIRECS;23.0;4
551600;;;VEV_5500;XIRECS;1.0;4
551600;;;VEV_6000;XIRECS;0.0;4
551600;;;VEV_6500;XIRECS;0.0;4
552500;;;VELVETFRUIT_EXTRACT;XIRECS;5214.0;8
552700;;;VEV_4000;XIRECS;1206.0;3
553500;;;VEV_4000;XIRECS;1207.0;1
554500;;;VELVETFRUIT_EXTRACT;XIRECS;5223.0;3
555100;;;VEV_5200;XIRECS;67.0;5
555100;;;VEV_5300;XIRECS;26.0;5
555100;;;VEV_5400;XIRECS;5.0;5
555100;;;VEV_5500;XIRECS;1.0;5
555100;;;VEV_6000;XIRECS;0.0;5
555100;;;VEV_6500;XIRECS;0.0;5
555200;;;VELVETFRUIT_EXTRACT;XIRECS;5222.0;6
555500;;;HYDROGEL_PACK;XIRECS;10006.0;5
556400;;;VEV_5400;XIRECS;5.0;5
556400;;;VEV_5500;XIRECS;1.0;5
556400;;;VEV_6000;XIRECS;0.0;5
556400;;;VEV_6500;XIRECS;0.0;5
559400;;;VELVETFRUIT_EXTRACT;XIRECS;5214.0;3
560300;;;VELVETFRUIT_EXTRACT;XIRECS;5220.0;4
560900;;;VELVETFRUIT_EXTRACT;XIRECS;5214.0;9
561000;;;VELVETFRUIT_EXTRACT;XIRECS;5212.0;6
562200;;;VELVETFRUIT_EXTRACT;XIRECS;5220.0;8
562500;;;VELVETFRUIT_EXTRACT;XIRECS;5222.0;7
562900;;;VELVETFRUIT_EXTRACT;XIRECS;5224.0;3
565100;;;VELVETFRUIT_EXTRACT;XIRECS;5229.0;6
565600;;;VEV_5400;XIRECS;6.0;4
565600;;;VEV_5500;XIRECS;1.0;4
565600;;;VEV_6000;XIRECS;0.0;4
565600;;;VEV_6500;XIRECS;0.0;4
565700;;;HYDROGEL_PACK;XIRECS;10001.0;4
566100;;;VELVETFRUIT_EXTRACT;XIRECS;5223.0;4
567800;;;VELVETFRUIT_EXTRACT;XIRECS;5222.0;5
568300;;;VEV_4000;XIRECS;1218.0;1
569900;;;VELVETFRUIT_EXTRACT;XIRECS;5228.0;4
570100;;;VELVETFRUIT_EXTRACT;XIRECS;5224.0;3
572400;;;VEV_4000;XIRECS;1211.0;3
572800;;;VELVETFRUIT_EXTRACT;XIRECS;5217.0;6
575300;;;VELVETFRUIT_EXTRACT;XIRECS;5221.0;7
577200;;;VEV_4000;XIRECS;1206.0;2
578300;;;HYDROGEL_PACK;XIRECS;9993.0;5
578300;;;VELVETFRUIT_EXTRACT;XIRECS;5223.0;8
578400;;;VELVETFRUIT_EXTRACT;XIRECS;5218.0;3
580600;;;VEV_5300;XIRECS;25.0;5
580600;;;VEV_5400;XIRECS;5.0;5
580600;;;VEV_5500;XIRECS;1.0;5
580600;;;VEV_6000;XIRECS;0.0;5
580600;;;VEV_6500;XIRECS;0.0;5
583100;;;VEV_5400;XIRECS;5.0;2
583100;;;VEV_5500;XIRECS;1.0;2
583100;;;VEV_6000;XIRECS;0.0;2
583100;;;VEV_6500;XIRECS;0.0;2
584300;;;VEV_5300;XIRECS;24.0;2
584300;;;VEV_5400;XIRECS;5.0;2
584300;;;VEV_5500;XIRECS;1.0;2
584300;;;VEV_6000;XIRECS;0.0;2
584300;;;VEV_6500;XIRECS;0.0;2
584400;;;VELVETFRUIT_EXTRACT;XIRECS;5220.0;6
587400;;;VELVETFRUIT_EXTRACT;XIRECS;5213.0;6
587700;;;VELVETFRUIT_EXTRACT;XIRECS;5218.0;8
588300;;;VELVETFRUIT_EXTRACT;XIRECS;5216.0;5
589800;;;VELVETFRUIT_EXTRACT;XIRECS;5223.0;4
591700;;;VELVETFRUIT_EXTRACT;XIRECS;5218.0;4
594300;;;VELVETFRUIT_EXTRACT;XIRECS;5219.0;4
595400;;;VELVETFRUIT_EXTRACT;XIRECS;5219.0;5
601600;;;VELVETFRUIT_EXTRACT;XIRECS;5223.0;4
602800;;;VELVETFRUIT_EXTRACT;XIRECS;5218.0;5
605800;;;VELVETFRUIT_EXTRACT;XIRECS;5221.0;4
607900;;;HYDROGEL_PACK;XIRECS;10009.0;3
610000;;;VELVETFRUIT_EXTRACT;XIRECS;5223.0;5
612700;;;VEV_5300;XIRECS;27.0;2
612700;;;VEV_5400;XIRECS;6.0;2
612700;;;VEV_5500;XIRECS;1.0;2
612700;;;VEV_6000;XIRECS;0.0;2
612700;;;VEV_6500;XIRECS;0.0;2
614800;;;VEV_5400;XIRECS;7.0;2
614800;;;VEV_5500;XIRECS;1.0;2
614800;;;VEV_6000;XIRECS;0.0;2
614800;;;VEV_6500;XIRECS;0.0;2
616000;;;VELVETFRUIT_EXTRACT;XIRECS;5230.0;6
616700;;;VELVETFRUIT_EXTRACT;XIRECS;5230.0;14
618400;;;VEV_4000;XIRECS;1219.0;2
618500;;;HYDROGEL_PACK;XIRECS;10007.0;2
621000;;;VEV_5400;XIRECS;5.0;5
621000;;;VEV_5500;XIRECS;1.0;5
621000;;;VEV_6000;XIRECS;0.0;5
621000;;;VEV_6500;XIRECS;0.0;5
621600;;;VELVETFRUIT_EXTRACT;XIRECS;5221.0;8
622500;;;VEV_5200;XIRECS;66.0;2
622500;;;VEV_5300;XIRECS;25.0;2
622500;;;VEV_5400;XIRECS;5.0;2
622500;;;VEV_5500;XIRECS;1.0;2
622500;;;VEV_6000;XIRECS;0.0;2
622500;;;VEV_6500;XIRECS;0.0;2
624000;;;HYDROGEL_PACK;XIRECS;10013.0;5
624200;;;VEV_5200;XIRECS;67.0;5
624200;;;VEV_5400;XIRECS;5.0;5
624200;;;VEV_5500;XIRECS;1.0;5
624200;;;VEV_6000;XIRECS;0.0;5
624200;;;VEV_6500;XIRECS;0.0;5
624500;;;VELVETFRUIT_EXTRACT;XIRECS;5221.0;4
626300;;;VELVETFRUIT_EXTRACT;XIRECS;5234.0;5
627700;;;VEV_5200;XIRECS;76.0;2
627700;;;VEV_5300;XIRECS;30.0;2
627700;;;VEV_5400;XIRECS;7.0;2
627700;;;VEV_6000;XIRECS;0.0;2
627700;;;VEV_6500;XIRECS;0.0;2
630100;;;VELVETFRUIT_EXTRACT;XIRECS;5227.0;6
630700;;;VEV_4000;XIRECS;1222.0;1
631300;;;VEV_5300;XIRECS;29.0;5
631300;;;VEV_5400;XIRECS;6.0;5
631300;;;VEV_5500;XIRECS;1.0;5
631300;;;VEV_6000;XIRECS;0.0;5
631300;;;VEV_6500;XIRECS;0.0;5
631500;;;VEV_5300;XIRECS;29.0;2
631500;;;VEV_5400;XIRECS;6.0;2
631500;;;VEV_5500;XIRECS;1.0;2
631500;;;VEV_6000;XIRECS;0.0;2
631500;;;VEV_6500;XIRECS;0.0;2
632400;;;VELVETFRUIT_EXTRACT;XIRECS;5232.0;4
632500;;;VELVETFRUIT_EXTRACT;XIRECS;5227.0;4
633200;;;VELVETFRUIT_EXTRACT;XIRECS;5232.0;3
633800;;;HYDROGEL_PACK;XIRECS;9989.0;6
634500;;;VEV_5300;XIRECS;29.0;2
634500;;;VEV_5400;XIRECS;6.0;2
634500;;;VEV_5500;XIRECS;1.0;2
634500;;;VEV_6000;XIRECS;0.0;2
634500;;;VEV_6500;XIRECS;0.0;2
636600;;;VELVETFRUIT_EXTRACT;XIRECS;5238.0;7
641800;;;VEV_4000;XIRECS;1231.0;2
642500;;;VEV_5300;XIRECS;32.0;3
642500;;;VEV_5400;XIRECS;8.0;3
642500;;;VEV_5500;XIRECS;2.0;3
642500;;;VEV_6000;XIRECS;0.0;3
642500;;;VEV_6500;XIRECS;0.0;3
648500;;;VELVETFRUIT_EXTRACT;XIRECS;5251.0;4
649500;;;VELVETFRUIT_EXTRACT;XIRECS;5254.0;8
651100;;;HYDROGEL_PACK;XIRECS;9996.0;2
653000;;;HYDROGEL_PACK;XIRECS;9978.0;2
653400;;;VELVETFRUIT_EXTRACT;XIRECS;5252.0;9
654500;;;VELVETFRUIT_EXTRACT;XIRECS;5253.0;8
656200;;;VELVETFRUIT_EXTRACT;XIRECS;5248.0;6
658900;;;HYDROGEL_PACK;XIRECS;9966.0;6
660300;;;HYDROGEL_PACK;XIRECS;9960.0;4
662300;;;HYDROGEL_PACK;XIRECS;9961.0;6
663100;;;VELVETFRUIT_EXTRACT;XIRECS;5262.0;8
663600;;;VELVETFRUIT_EXTRACT;XIRECS;5262.0;7
666300;;;VEV_4000;XIRECS;1249.0;3
666400;;;VELVETFRUIT_EXTRACT;XIRECS;5261.0;7
666500;;;VEV_5400;XIRECS;10.0;3
666500;;;VEV_5500;XIRECS;2.0;3
666500;;;VEV_6000;XIRECS;0.0;3
666500;;;VEV_6500;XIRECS;0.0;3
666700;;;VEV_5500;XIRECS;2.0;3
666700;;;VEV_6000;XIRECS;0.0;3
666700;;;VEV_6500;XIRECS;0.0;3
667100;;;VEV_4000;XIRECS;1247.0;3
668700;;;HYDROGEL_PACK;XIRECS;9959.0;3
671800;;;VEV_5300;XIRECS;33.0;4
671800;;;VEV_5400;XIRECS;8.0;4
671800;;;VEV_5500;XIRECS;2.0;4
671800;;;VEV_6000;XIRECS;0.0;4
671800;;;VEV_6500;XIRECS;0.0;4
671900;;;VEV_5300;XIRECS;33.0;4
671900;;;VEV_5400;XIRECS;8.0;4
671900;;;VEV_5500;XIRECS;2.0;4
671900;;;VEV_6000;XIRECS;0.0;4
671900;;;VEV_6500;XIRECS;0.0;4
676800;;;VELVETFRUIT_EXTRACT;XIRECS;5255.0;8
677300;;;VELVETFRUIT_EXTRACT;XIRECS;5251.0;10
678700;;;VEV_5400;XIRECS;9.0;3
678700;;;VEV_5500;XIRECS;2.0;3
678700;;;VEV_6000;XIRECS;0.0;3
678700;;;VEV_6500;XIRECS;0.0;3
686400;;;HYDROGEL_PACK;XIRECS;9961.0;5
686800;;;VELVETFRUIT_EXTRACT;XIRECS;5249.0;4
687600;;;VELVETFRUIT_EXTRACT;XIRECS;5244.0;3
688300;;;VELVETFRUIT_EXTRACT;XIRECS;5240.0;4
689300;;;VELVETFRUIT_EXTRACT;XIRECS;5238.0;4
689900;;;VEV_5300;XIRECS;30.0;5
689900;;;VEV_5400;XIRECS;7.0;5
689900;;;VEV_5500;XIRECS;2.0;5
689900;;;VEV_6000;XIRECS;0.0;5
689900;;;VEV_6500;XIRECS;0.0;5
690000;;;VELVETFRUIT_EXTRACT;XIRECS;5238.0;6
698600;;;HYDROGEL_PACK;XIRECS;9958.0;2
699000;;;VEV_4000;XIRECS;1235.0;1
699400;;;VEV_5200;XIRECS;80.0;4
699400;;;VEV_5300;XIRECS;32.0;4
699400;;;VEV_5400;XIRECS;8.0;4
699400;;;VEV_5500;XIRECS;2.0;4
699400;;;VEV_6000;XIRECS;0.0;4
699400;;;VEV_6500;XIRECS;0.0;4
700300;;;VEV_5300;XIRECS;32.0;4
700300;;;VEV_5400;XIRECS;8.0;4
700300;;;VEV_5500;XIRECS;2.0;4
700300;;;VEV_6000;XIRECS;0.0;4
700300;;;VEV_6500;XIRECS;0.0;4
700600;;;VELVETFRUIT_EXTRACT;XIRECS;5243.0;14
701000;;;VELVETFRUIT_EXTRACT;XIRECS;5245.0;9
702500;;;VELVETFRUIT_EXTRACT;XIRECS;5247.0;4
705400;;;VEV_5200;XIRECS;80.0;2
705400;;;VEV_5300;XIRECS;32.0;2
705400;;;VEV_5400;XIRECS;8.0;2
705400;;;VEV_5500;XIRECS;2.0;2
705400;;;VEV_6000;XIRECS;0.0;2
705400;;;VEV_6500;XIRECS;0.0;2
707000;;;VEV_4000;XIRECS;1234.0;1
707500;;;VELVETFRUIT_EXTRACT;XIRECS;5244.0;6
707800;;;VELVETFRUIT_EXTRACT;XIRECS;5247.0;14
708800;;;VEV_5300;XIRECS;34.0;5
708800;;;VEV_5400;XIRECS;9.0;5
708800;;;VEV_5500;XIRECS;2.0;5
708800;;;VEV_6000;XIRECS;0.0;5
708800;;;VEV_6500;XIRECS;0.0;5
715600;;;VELVETFRUIT_EXTRACT;XIRECS;5262.0;3
718600;;;VELVETFRUIT_EXTRACT;XIRECS;5257.0;12
723100;;;VELVETFRUIT_EXTRACT;XIRECS;5259.0;3
723700;;;VELVETFRUIT_EXTRACT;XIRECS;5255.0;6
726600;;;VELVETFRUIT_EXTRACT;XIRECS;5253.0;3
728400;;;HYDROGEL_PACK;XIRECS;9960.0;2
728500;;;VEV_5300;XIRECS;36.0;2
728500;;;VEV_5400;XIRECS;9.0;2
728500;;;VEV_5500;XIRECS;2.0;2
728500;;;VEV_6000;XIRECS;0.0;2
728500;;;VEV_6500;XIRECS;0.0;2
729000;;;VELVETFRUIT_EXTRACT;XIRECS;5254.0;6
730000;;;VEV_5300;XIRECS;36.0;2
730000;;;VEV_5400;XIRECS;9.0;2
730000;;;VEV_5500;XIRECS;2.0;2
730000;;;VEV_6000;XIRECS;0.0;2
730000;;;VEV_6500;XIRECS;0.0;2
734000;;;VEV_4000;XIRECS;1241.0;2
734200;;;VEV_4000;XIRECS;1240.0;2
740800;;;VELVETFRUIT_EXTRACT;XIRECS;5242.0;7
740900;;;VELVETFRUIT_EXTRACT;XIRECS;5236.0;4
741100;;;VEV_5300;XIRECS;29.0;2
741100;;;VEV_5400;XIRECS;7.0;2
741100;;;VEV_5500;XIRECS;1.0;2
741100;;;VEV_6000;XIRECS;0.0;2
741100;;;VEV_6500;XIRECS;0.0;2
742000;;;HYDROGEL_PACK;XIRECS;9960.0;2
742300;;;VELVETFRUIT_EXTRACT;XIRECS;5240.0;3
744800;;;VELVETFRUIT_EXTRACT;XIRECS;5242.0;4
746000;;;VELVETFRUIT_EXTRACT;XIRECS;5240.0;4
746600;;;VELVETFRUIT_EXTRACT;XIRECS;5236.0;5
747600;;;HYDROGEL_PACK;XIRECS;9955.0;3
750700;;;VELVETFRUIT_EXTRACT;XIRECS;5234.0;3
751500;;;VELVETFRUIT_EXTRACT;XIRECS;5225.0;7
751700;;;VELVETFRUIT_EXTRACT;XIRECS;5225.0;7
753400;;;VELVETFRUIT_EXTRACT;XIRECS;5228.0;9
753700;;;VEV_5300;XIRECS;27.0;3
753700;;;VEV_5400;XIRECS;6.0;3
753700;;;VEV_5500;XIRECS;1.0;3
753700;;;VEV_6000;XIRECS;0.0;3
753700;;;VEV_6500;XIRECS;0.0;3
755400;;;VELVETFRUIT_EXTRACT;XIRECS;5231.0;8
755700;;;VELVETFRUIT_EXTRACT;XIRECS;5235.0;3
756900;;;VELVETFRUIT_EXTRACT;XIRECS;5235.0;7
757100;;;VELVETFRUIT_EXTRACT;XIRECS;5240.0;6
758700;;;VELVETFRUIT_EXTRACT;XIRECS;5238.0;8
759300;;;VELVETFRUIT_EXTRACT;XIRECS;5229.0;8
759500;;;VELVETFRUIT_EXTRACT;XIRECS;5226.0;5
759800;;;VELVETFRUIT_EXTRACT;XIRECS;5226.0;4
761200;;;VELVETFRUIT_EXTRACT;XIRECS;5225.0;7
761400;;;VELVETFRUIT_EXTRACT;XIRECS;5227.0;7
762800;;;VELVETFRUIT_EXTRACT;XIRECS;5226.0;5
763700;;;VELVETFRUIT_EXTRACT;XIRECS;5219.0;3
766900;;;VEV_5400;XIRECS;6.0;2
766900;;;VEV_5500;XIRECS;1.0;2
766900;;;VEV_6000;XIRECS;0.0;2
766900;;;VEV_6500;XIRECS;0.0;2
769000;;;VELVETFRUIT_EXTRACT;XIRECS;5238.0;6
769200;;;VELVETFRUIT_EXTRACT;XIRECS;5234.0;9
771100;;;VELVETFRUIT_EXTRACT;XIRECS;5238.0;4
771200;;;VELVETFRUIT_EXTRACT;XIRECS;5238.0;6
773400;;;VELVETFRUIT_EXTRACT;XIRECS;5227.0;6
776400;;;VELVETFRUIT_EXTRACT;XIRECS;5230.0;3
776900;;;HYDROGEL_PACK;XIRECS;9975.0;4
777100;;;VELVETFRUIT_EXTRACT;XIRECS;5229.0;4
777600;;;VEV_5200;XIRECS;69.0;5
777600;;;VEV_5400;XIRECS;6.0;5
777600;;;VEV_5500;XIRECS;1.0;5
777600;;;VEV_6000;XIRECS;0.0;5
777600;;;VEV_6500;XIRECS;0.0;5
779300;;;VELVETFRUIT_EXTRACT;XIRECS;5234.0;7
779900;;;VELVETFRUIT_EXTRACT;XIRECS;5229.0;8
780000;;;VEV_4000;XIRECS;1223.0;1
780500;;;VELVETFRUIT_EXTRACT;XIRECS;5237.0;8
781600;;;VELVETFRUIT_EXTRACT;XIRECS;5238.0;5
782500;;;VELVETFRUIT_EXTRACT;XIRECS;5239.0;8
783500;;;VELVETFRUIT_EXTRACT;XIRECS;5245.0;8
783800;;;HYDROGEL_PACK;XIRECS;9965.0;5
784100;;;VEV_5400;XIRECS;7.0;3
784100;;;VEV_5500;XIRECS;1.0;3
784100;;;VEV_6000;XIRECS;0.0;3
784100;;;VEV_6500;XIRECS;0.0;3
785100;;;VELVETFRUIT_EXTRACT;XIRECS;5245.0;5
785100;;;VEV_5300;XIRECS;31.0;2
785100;;;VEV_5400;XIRECS;7.0;2
785100;;;VEV_6000;XIRECS;0.0;2
785100;;;VEV_6500;XIRECS;0.0;2
785200;;;VELVETFRUIT_EXTRACT;XIRECS;5240.0;4
786800;;;VELVETFRUIT_EXTRACT;XIRECS;5244.0;5
788300;;;VEV_5400;XIRECS;8.0;4
788300;;;VEV_5500;XIRECS;2.0;4
788300;;;VEV_6000;XIRECS;0.0;4
788300;;;VEV_6500;XIRECS;0.0;4
789300;;;VEV_4000;XIRECS;1241.0;1
791800;;;HYDROGEL_PACK;XIRECS;9963.0;5
792900;;;VEV_4000;XIRECS;1239.0;2
793100;;;VEV_5300;XIRECS;32.0;2
793100;;;VEV_5500;XIRECS;2.0;2
793100;;;VEV_6000;XIRECS;0.0;2
793100;;;VEV_6500;XIRECS;0.0;2
793700;;;VELVETFRUIT_EXTRACT;XIRECS;5250.0;8
795000;;;HYDROGEL_PACK;XIRECS;9960.0;4
797100;;;VEV_4000;XIRECS;1240.0;3
797600;;;HYDROGEL_PACK;XIRECS;9955.0;2
801400;;;VELVETFRUIT_EXTRACT;XIRECS;5247.0;4
804500;;;VEV_4000;XIRECS;1242.0;2
804800;;;VELVETFRUIT_EXTRACT;XIRECS;5251.0;5
807000;;;VELVETFRUIT_EXTRACT;XIRECS;5264.0;7
807100;;;VELVETFRUIT_EXTRACT;XIRECS;5263.0;6
807400;;;VELVETFRUIT_EXTRACT;XIRECS;5262.0;5
807400;;;VEV_5400;XIRECS;9.0;2
807400;;;VEV_5500;XIRECS;2.0;2
807400;;;VEV_6000;XIRECS;0.0;2
807400;;;VEV_6500;XIRECS;0.0;2
809100;;;VELVETFRUIT_EXTRACT;XIRECS;5262.0;8
810000;;;VELVETFRUIT_EXTRACT;XIRECS;5258.0;4
810500;;;VELVETFRUIT_EXTRACT;XIRECS;5259.0;10
812400;;;VELVETFRUIT_EXTRACT;XIRECS;5261.0;4
812600;;;VEV_4000;XIRECS;1254.0;2
813400;;;VELVETFRUIT_EXTRACT;XIRECS;5265.0;3
813800;;;VELVETFRUIT_EXTRACT;XIRECS;5272.0;4
816500;;;VEV_4000;XIRECS;1246.0;1
816700;;;HYDROGEL_PACK;XIRECS;9963.0;6
820200;;;VEV_5300;XIRECS;34.0;5
820200;;;VEV_5400;XIRECS;8.0;5
820200;;;VEV_5500;XIRECS;2.0;5
820200;;;VEV_6000;XIRECS;0.0;5
820200;;;VEV_6500;XIRECS;0.0;5
826200;;;VEV_5200;XIRECS;81.0;5
826200;;;VEV_5400;XIRECS;8.0;5
826200;;;VEV_5500;XIRECS;2.0;5
826200;;;VEV_6000;XIRECS;0.0;5
826200;;;VEV_6500;XIRECS;0.0;5
828200;;;VELVETFRUIT_EXTRACT;XIRECS;5246.0;6
828300;;;HYDROGEL_PACK;XIRECS;9974.0;5
829000;;;VELVETFRUIT_EXTRACT;XIRECS;5242.0;6
832500;;;VELVETFRUIT_EXTRACT;XIRECS;5245.0;4
833000;;;VELVETFRUIT_EXTRACT;XIRECS;5237.0;8
834400;;;VEV_5200;XIRECS;75.0;5
834400;;;VEV_5300;XIRECS;29.0;5
834400;;;VEV_5400;XIRECS;7.0;5
834400;;;VEV_5500;XIRECS;1.0;5
834400;;;VEV_6000;XIRECS;0.0;5
834400;;;VEV_6500;XIRECS;0.0;5
835500;;;VELVETFRUIT_EXTRACT;XIRECS;5238.0;6
836000;;;HYDROGEL_PACK;XIRECS;10002.0;2
837100;;;VELVETFRUIT_EXTRACT;XIRECS;5243.0;3
837500;;;VEV_5400;XIRECS;7.0;3
837500;;;VEV_5500;XIRECS;1.0;3
837500;;;VEV_6000;XIRECS;0.0;3
837500;;;VEV_6500;XIRECS;0.0;3
837800;;;HYDROGEL_PACK;XIRECS;10011.0;6
838300;;;HYDROGEL_PACK;XIRECS;10016.0;6
839000;;;VELVETFRUIT_EXTRACT;XIRECS;5239.0;7
839200;;;VELVETFRUIT_EXTRACT;XIRECS;5246.0;3
839800;;;VEV_5200;XIRECS;76.0;3
839800;;;VEV_5400;XIRECS;7.0;3
839800;;;VEV_5500;XIRECS;1.0;3
839800;;;VEV_6000;XIRECS;0.0;3
839800;;;VEV_6500;XIRECS;0.0;3
840500;;;VELVETFRUIT_EXTRACT;XIRECS;5241.0;4
840800;;;VEV_4000;XIRECS;1228.0;1
842200;;;VEV_5400;XIRECS;6.0;3
842200;;;VEV_5500;XIRECS;1.0;3
842200;;;VEV_6000;XIRECS;0.0;3
842200;;;VEV_6500;XIRECS;0.0;3
842400;;;VELVETFRUIT_EXTRACT;XIRECS;5239.0;8
843500;;;VELVETFRUIT_EXTRACT;XIRECS;5238.0;7
845100;;;VEV_4000;XIRECS;1232.0;3
846000;;;VELVETFRUIT_EXTRACT;XIRECS;5237.0;6
847200;;;VELVETFRUIT_EXTRACT;XIRECS;5245.0;7
852100;;;VELVETFRUIT_EXTRACT;XIRECS;5246.0;4
858600;;;HYDROGEL_PACK;XIRECS;10022.0;3
860900;;;VELVETFRUIT_EXTRACT;XIRECS;5233.0;3
861400;;;VELVETFRUIT_EXTRACT;XIRECS;5236.0;7
861900;;;VEV_4000;XIRECS;1228.0;2
863700;;;VELVETFRUIT_EXTRACT;XIRECS;5230.0;7
864100;;;VEV_5300;XIRECS;26.0;2
864100;;;VEV_5400;XIRECS;6.0;2
864100;;;VEV_5500;XIRECS;1.0;2
864100;;;VEV_6000;XIRECS;0.0;2
864100;;;VEV_6500;XIRECS;0.0;2
864700;;;VELVETFRUIT_EXTRACT;XIRECS;5229.0;7
866600;;;HYDROGEL_PACK;XIRECS;10010.0;5
868200;;;VELVETFRUIT_EXTRACT;XIRECS;5233.0;3
868300;;;VEV_5300;XIRECS;27.0;2
868300;;;VEV_5400;XIRECS;6.0;2
868300;;;VEV_5500;XIRECS;1.0;2
868300;;;VEV_6000;XIRECS;0.0;2
868300;;;VEV_6500;XIRECS;0.0;2
868400;;;VELVETFRUIT_EXTRACT;XIRECS;5233.0;6
868600;;;VELVETFRUIT_EXTRACT;XIRECS;5239.0;3
873400;;;VELVETFRUIT_EXTRACT;XIRECS;5235.0;8
875200;;;HYDROGEL_PACK;XIRECS;9998.0;5
875600;;;VELVETFRUIT_EXTRACT;XIRECS;5240.0;5
876300;;;VELVETFRUIT_EXTRACT;XIRECS;5237.0;6
877100;;;VELVETFRUIT_EXTRACT;XIRECS;5242.0;7
877500;;;VEV_4000;XIRECS;1227.0;3
877600;;;VELVETFRUIT_EXTRACT;XIRECS;5240.0;7
877600;;;VEV_5200;XIRECS;73.0;5
877600;;;VEV_5300;XIRECS;28.0;5
877600;;;VEV_5400;XIRECS;6.0;5
877600;;;VEV_5500;XIRECS;1.0;5
877600;;;VEV_6000;XIRECS;0.0;5
877600;;;VEV_6500;XIRECS;0.0;5
878300;;;VEV_5200;XIRECS;72.0;3
878300;;;VEV_5400;XIRECS;6.0;3
878300;;;VEV_5500;XIRECS;1.0;3
878300;;;VEV_6000;XIRECS;0.0;3
878300;;;VEV_6500;XIRECS;0.0;3
879700;;;HYDROGEL_PACK;XIRECS;9985.0;5
882000;;;VELVETFRUIT_EXTRACT;XIRECS;5223.0;3
883400;;;VELVETFRUIT_EXTRACT;XIRECS;5221.0;7
884000;;;VELVETFRUIT_EXTRACT;XIRECS;5221.0;4
885900;;;VEV_4000;XIRECS;1221.0;2
886300;;;HYDROGEL_PACK;XIRECS;9952.0;5
886500;;;VELVETFRUIT_EXTRACT;XIRECS;5232.0;5
890900;;;VEV_5200;XIRECS;71.0;4
890900;;;VEV_5300;XIRECS;27.0;4
890900;;;VEV_5400;XIRECS;6.0;4
890900;;;VEV_5500;XIRECS;1.0;4
890900;;;VEV_6000;XIRECS;0.0;4
890900;;;VEV_6500;XIRECS;0.0;4
891200;;;HYDROGEL_PACK;XIRECS;9949.0;5
891600;;;HYDROGEL_PACK;XIRECS;9943.0;5
894300;;;VEV_5300;XIRECS;29.0;3
894300;;;VEV_5400;XIRECS;6.0;3
894300;;;VEV_5500;XIRECS;1.0;3
894300;;;VEV_6000;XIRECS;0.0;3
894300;;;VEV_6500;XIRECS;0.0;3
895700;;;VELVETFRUIT_EXTRACT;XIRECS;5245.0;7
896800;;;VELVETFRUIT_EXTRACT;XIRECS;5241.0;1
896800;;;VELVETFRUIT_EXTRACT;XIRECS;5241.0;5
898600;;;HYDROGEL_PACK;XIRECS;9952.0;4
900200;;;VELVETFRUIT_EXTRACT;XIRECS;5252.0;6
903800;;;VELVETFRUIT_EXTRACT;XIRECS;5252.0;3
904700;;;HYDROGEL_PACK;XIRECS;9949.0;4
908100;;;VELVETFRUIT_EXTRACT;XIRECS;5256.0;7
910900;;;HYDROGEL_PACK;XIRECS;9940.0;6
911500;;;VELVETFRUIT_EXTRACT;XIRECS;5253.0;10
911700;;;HYDROGEL_PACK;XIRECS;9938.0;3
915100;;;VELVETFRUIT_EXTRACT;XIRECS;5256.0;4
916800;;;VEV_4000;XIRECS;1240.0;1
917300;;;VEV_4000;XIRECS;1238.0;3
918500;;;VEV_5300;XIRECS;34.0;5
918500;;;VEV_5400;XIRECS;8.0;5
918500;;;VEV_5500;XIRECS;2.0;5
918500;;;VEV_6000;XIRECS;0.0;5
918500;;;VEV_6500;XIRECS;0.0;5
921600;;;VEV_4000;XIRECS;1247.0;1
922400;;;VEV_4000;XIRECS;1248.0;3
923500;;;VELVETFRUIT_EXTRACT;XIRECS;5255.0;8
925000;;;VEV_4000;XIRECS;1246.0;1
927100;;;VELVETFRUIT_EXTRACT;XIRECS;5255.0;4
927200;;;VELVETFRUIT_EXTRACT;XIRECS;5256.0;4
927700;;;VELVETFRUIT_EXTRACT;XIRECS;5258.0;6
928700;;;VELVETFRUIT_EXTRACT;XIRECS;5258.0;4
932400;;;VEV_4000;XIRECS;1257.0;1
937000;;;VEV_5400;XIRECS;8.0;5
937000;;;VEV_5500;XIRECS;2.0;5
937000;;;VEV_6000;XIRECS;0.0;5
937000;;;VEV_6500;XIRECS;0.0;5
937400;;;VEV_5400;XIRECS;8.0;5
937400;;;VEV_5500;XIRECS;2.0;5
937400;;;VEV_6000;XIRECS;0.0;5
937400;;;VEV_6500;XIRECS;0.0;5
941000;;;VEV_4000;XIRECS;1247.0;2
943100;;;VELVETFRUIT_EXTRACT;XIRECS;5263.0;4
943500;;;VEV_4000;XIRECS;1255.0;1
943900;;;VELVETFRUIT_EXTRACT;XIRECS;5270.0;5
943900;;;VEV_5300;XIRECS;39.0;5
943900;;;VEV_5400;XIRECS;10.0;5
943900;;;VEV_5500;XIRECS;2.0;5
943900;;;VEV_6000;XIRECS;0.0;5
943900;;;VEV_6500;XIRECS;0.0;5
947000;;;VELVETFRUIT_EXTRACT;XIRECS;5270.0;12
949600;;;VELVETFRUIT_EXTRACT;XIRECS;5280.0;7
950400;;;VELVETFRUIT_EXTRACT;XIRECS;5271.0;8
951200;;;HYDROGEL_PACK;XIRECS;9983.0;5
951700;;;VELVETFRUIT_EXTRACT;XIRECS;5276.0;6
952200;;;VELVETFRUIT_EXTRACT;XIRECS;5274.0;4
954100;;;VEV_4000;XIRECS;1262.0;2
956900;;;VELVETFRUIT_EXTRACT;XIRECS;5269.0;8
958600;;;VELVETFRUIT_EXTRACT;XIRECS;5275.0;3
960300;;;HYDROGEL_PACK;XIRECS;9978.0;3
961200;;;VELVETFRUIT_EXTRACT;XIRECS;5270.0;8
961500;;;VELVETFRUIT_EXTRACT;XIRECS;5269.0;7
961800;;;VELVETFRUIT_EXTRACT;XIRECS;5272.0;7
962600;;;HYDROGEL_PACK;XIRECS;9972.0;4
964500;;;VELVETFRUIT_EXTRACT;XIRECS;5274.0;6
966900;;;VELVETFRUIT_EXTRACT;XIRECS;5274.0;3
968100;;;VELVETFRUIT_EXTRACT;XIRECS;5266.0;7
968600;;;VELVETFRUIT_EXTRACT;XIRECS;5263.0;4
969100;;;VELVETFRUIT_EXTRACT;XIRECS;5263.0;11
972500;;;VEV_4000;XIRECS;1248.0;2
973300;;;VELVETFRUIT_EXTRACT;XIRECS;5258.0;5
975900;;;HYDROGEL_PACK;XIRECS;9984.0;5
976400;;;VELVETFRUIT_EXTRACT;XIRECS;5251.0;3
977300;;;VEV_5300;XIRECS;31.0;4
977300;;;VEV_5400;XIRECS;7.0;4
977300;;;VEV_5500;XIRECS;1.0;4
977300;;;VEV_6000;XIRECS;0.0;4
977300;;;VEV_6500;XIRECS;0.0;4
980100;;;VELVETFRUIT_EXTRACT;XIRECS;5247.0;7
980900;;;HYDROGEL_PACK;XIRECS;9974.0;2
983000;;;VELVETFRUIT_EXTRACT;XIRECS;5242.0;4
983300;;;VEV_5300;XIRECS;30.0;3
983300;;;VEV_5400;XIRECS;6.0;3
983300;;;VEV_5500;XIRECS;1.0;3
983300;;;VEV_6000;XIRECS;0.0;3
983300;;;VEV_6500;XIRECS;0.0;3
984300;;;VELVETFRUIT_EXTRACT;XIRECS;5244.0;15
984800;;;VELVETFRUIT_EXTRACT;XIRECS;5244.0;5
986000;;;VELVETFRUIT_EXTRACT;XIRECS;5239.0;3
989700;;;VELVETFRUIT_EXTRACT;XIRECS;5234.0;5
993700;;;VELVETFRUIT_EXTRACT;XIRECS;5242.0;3
995300;;;VELVETFRUIT_EXTRACT;XIRECS;5235.0;3
997100;;;VEV_5400;XIRECS;5.0;4
997100;;;VEV_5500;XIRECS;1.0;4
997100;;;VEV_6000;XIRECS;0.0;4
997100;;;VEV_6500;XIRECS;0.0;4
997500;;;VELVETFRUIT_EXTRACT;XIRECS;5240.0;5
